Dining Sets,5466-62,5100-84,586-60,5580-95*,5504-78,5547-78*,5328-45RD,586-82,5167-96,5538W,2456-64,586GY-82,5178-60,2538-60,5503,5512-66,5469-60,5445-60,2529-64,5039-48,5411RF-82,5429-36RD,2515-96,5430-60,5515GY,5115-92,5147BK-78,5070-64,5155,5268-48,5048-72,5423-66,5038-48,17811,5021-54,2516-48,1718GY-90*,5056-78,2547-72,2615DC-72,2544-64,5275,5235-54,727-72,5103,586,5104,2469,586-76,5067,5177-84,17813,710-54,2243-76,2558,5327-48,2447,2434-48,5530-78,5538BK,5285-64,1704-60,5328-96,5470-72,1915-60,5544-72,5608-76*,5525-72,2601-48,5425-90,5177-54,2588-92,2477-78,5149-48,5034,5511,5409-78,2243-114,2459,5415RF-78,1393BK-78,710-72TR,5597-53*,5448-78,5478-72,5517-78,710-72,5428-84,1715-94*,5496-78,1372-78,5510-66,5165GY-48*,1393BK-48,5179-90,1958-96,1808-112,2466-48,5494-106,5162WW-36*,5577GY-72*,5559N-96*,5609-48*,5600-36RD*,5438-96,5581-54*,5492-52*,5576RD*,5581-84*,1867-102,5491-48,5592,5531-112,5569-78*,5603-36*,5604-36*,5562-96*,5627W-72*,5584*,5548-72*,5613*,5614-72*,5163-48*,5514-72*,5595GY-87*,3270-48,5473-103,5626-70*,5575*,2458,5520-78,5518-78,5456,2528-64*,5546-84,5589-90*,5606-45RD*,5572,2456-64WM*,5599-71*,1935-110,5568-78*,5573,5536-102*,5145W-78,5545-112*,5555-72,5267RF-96,1704-108,5108-84,2546-96,5251-108,5123-96,5494-76,1928-78*,5429-36,5055-82,5516-66,5562RF-54*,1978W-112*,2526-96,5400-94,5477N-96,1947-96,5431-77,5479-72,5428-45RD,5424-78*,5673GY-84*,1824-112*,1828-92,5585-78*,1916-84*,5052-118,2615DC-96,1935-76
Beds/Headboards,5874TE-1*,1885N-1,5888-1*,5877BR-1DW*,5876BE-1*,1883N-1,5877GY-1*,5876BE-1DW*,5876GY-1*,5797N-1,5876GY-1DW*,5874GY-1*,5874NV-1*,5887-1*,5875GY-1*,1761-1,5880DB-1,5875BE-1*,5875BR-1*,5872N-1,1758-1,2867-1,1759-1,815N-1,1882N-1,2026PU-1HB,1896N-1,1831P-1,5789BK-1,1881PU-1,2025-1HB,2024-1HB,5873N-1,5882-1,5885-1*,1890N-1,5789N-1,5876BR-1*,5877GY-1DW*,5877BE-1*,5877BR-1*,5877BE-1DW*,5876BR-1DW*
Bedroom Sets,1916-1,1737W-1,1708-1,1828-1,1349-1,1422-1,1714BK-1,2168WW-1,1385-1,2243SL-1,1909RF-1,1967W-1,1949-1,1911-1,1717-1,1927-1,1915-1,1706-1,2220-1,1907-1,1904,1928-1,1834-1,1799-1,2124-1,1845-1,2146-1,2147SG-1,1726-1*,5790-1,1961-1,1606-1*,1869-1,1605-1*,5415RF-1,1757-1*,1394N-1*,1755-1*,1957-1,1855-1,1723-1,1810-1,1779-1*,1714W-1,1706LED-1*,1708BK-1*,2169SL-1,1743-1*,1852-1,1933-1*,1947-1,5400-1,1908-1,1721-1*,1866GY-1,1733-1,2145-1,1955-1,1744-1*,1912-1,1727N-1*,1968-1,1790-1*,1729-1*,1711NC-1*,1845LED-1,1730-1*,1766-1*,1788-1*,1745-1*,1958-1,1730GY-1*,2046-1,1907W-1,1768-1*,1604-1*,1752-1*,1905-1*,1904GY-1*,1918-1,1762-1*,1704-1,1769-1*,1990-1,1756-1*,1856NG-1*,1916BK-1,1916GY-1*,1728-1*,1715-1*,292B-1*,1977-1,1753-1*,1707-1,5424-1*,2615DC-1,2259GY-1,2159-1,1718GY-1,1844DC-1,1824-1,1919-1,1737NC-1,1356BK-1,2147W-1,1919NC-1*,1722-1*,1832-1*,2042-1,2147-1,1811W-1,1935PN-1,1711-1,1978W-1,1600-1*,5438-1,1856-1,1946-1,2243-1,1603-1*,2147BK-1,1737NGY-1,1936-1,1866,1867,1707NP-1*,1719-1*,2220DBR-1*,1821-1*,1394-1*
Accent Chairs,1193F1S,8437-1LT,1192RN,1270F2S,1191F4S,1255F1S,1212F1S,1200BRW,1212F2S,1277,1270F1S,1193F2S,8237PU-1PW,1234-1,8213-1,8205BR-1,8548BLK-1,8215GY-1,1270F3S,8327GY-3,1234-1,8214BRW-1,1192BE,1192GY,1200BLK,1194CH,1193F5S,1191F3S,1191F5S,8555WHT-1,8327TL-1S,8412-1,8548BRW-1,8555BLK-1,1212F1S,1266F1S,1192BL,1192BE,1191F4S,1191F6S,1297BU-1,1191F5S,1193F2S,1279F3S,1297GY-1,1193F1S,8327GY-1S,1242-1,8327GY-1S,8205CH-1,1193F5S,8412-3,1279F2S,1191F3S,1194TL,1267GY,1194IN,1212F2S,8327BE-3,1266F1S,1194TP,1193F6S,468F25S,8215BJ-1,1193F6S,1191F2S,1191F1S,1191F1S,1193F7S,1193F3S,1192GY,1192RN,1191F6S,1192BL,1193F7S,1191F2S,1255F1S,1294GY-1,1292-1,1296F1S,1296F2S,8327TL-3
Sectionals,8367TP-3,8378BRW-L,8229-AC,8228TP,8230BRW-2L,8367CH-3,8226GY,8226DB,8229 Sectional,8378GRY-L,8235SS,8255GY-PW Sectional,8308,9789CF-3LC,8238-AC,8212-AC,8480RED-2LCN,8480BRW-2LCN,8336,8228BU,8411,8327DBR Sectional,8378BLK-L,9909CH,8235GY,8318-AC,9909BR,8209BR-3SC,8490FBR-AC,8303-AC,8490,9789BRG-3LC,9739,8208-3SC,8202CH-SC,8401-3SC,8211,8202GRY-SC,9739CH,8256GY-PW Sectional,8256-PW Sectional,8327GY Sectional,9669FCP,8260GY-PW Sectional,8260DB-PW Sectional,8480GRY-2LCN,8327BLK-CR,8230BLK-2L
Buffets/Hutches,5167-96,1715-36*,2615DC-72,1704-60,2243-114,1715-94*,1808-112,1867-102,5531-112,5473-103,1935-110,5536-102*,5267RF-96,1704-108,2546-96,5251-108,5123-96,5055-82,1978W-112*,5400-94,2615DC-36,5400-36XL*,1824-112*,1828-92,5052-118,2615DC-96
Counter Height Dining Sets,2617N-36,710-36RD,5488-36RD,1715-36*,5489-36,5429-36RD,2524-36,5302BK,5302C,727-36,5447-36XL,5460-36,2505BK-36,5302A,586-36,2458-36,5511-36,5532-36,5050-36,5106BK,1372-36,2514BK-36,3270-60,2456-36,626-36,5149-36,5425-36,5435-36,1393BK-36,2423-36,5566-36*,5602-36*,5547-36*,5627W-36*,5603-36*,5604-36*,5578-32,5607-36RD*,5550-32,2425-36,5525-36,5447-36,2601-36,5429-36,3270-36,2615DC-36,5400-36XL*,5431-36
Servers,710-36RD,586-60,5580-95*,5504-78,5547-78*,5328-45RD,586-82,5167-96,1715-36*,2456-64,586GY-82,5115-92,5056-78,2615DC-72,727-36,727-72,586,586-76,5447-36XL,710-54,2243-76,5328-96,586-36,5544-72,5425-90,2588-92,1372-36,710-72TR,2456-36,5517-78,626-36,710-72,1715-94*,5496-78,5425-36,1372-78,5179-90,1958-96,4517,5494-106,5559N-96*,5581-54*,5492-52*,5581-84*,1867-102,5547-36*,5569-78*,5627W-36*,5562-96*,5627W-72*,5520-78,5518-78,5589-90*,5568-78*,5145W-78,5545-112*,5555-72,5108-84,2546-96,5251-108,5525-36,5494-76,1928-78*,5562RF-54*,5477N-96,2615DC-36,5400-36XL*,5424-78*,5673GY-84*,1824-112*,5431-36,1828-92,5585-78*
Barstools,5447-24S,1188,1155,5447-29FAS,1149,5447-29S,1140E-24S,1178,1148,1147,1156,1157,5447-24FAS,5603-36*,5604-36*,1144E-24S,1131-24S,1133-24S,5035
Curios,2515-96,1718GY-90*,5530-78,1393BK-78,1393BK-36,1393BK-48,1916-84*
Ottomans,4501-F2,4741FA,4501-F1
Sofa Love Sets,8326BRW-3,8334BLK-3,8202GRY-3,8469-3,8235SS-3,8245GY-3,8201BLK-3,8202CH-3,8308-3PW,8480GRY-3,8206BRW-3,8225-3,8224DG-3,8224TN-3,8204-3,8380-3,8244SD-3,8244RN-3,8223DB-3PW,8355-3PW,8289BU,8225NGY,8250RN,8289GY,8480RED-3,8329BLK-3,8327GY-3,8325BRW-3,8403-3,8325BLK-3,9734TP-3,9734BK-3,8250GY,9724BLK,8518,8413TL-3,8511BK,9715PU,8579DB-3,9701BLK,1218TL,9636CC-3,9734CH-3,8327BLK-3,8219-3,1218F1S-3,1218RN,8230BRW-3,8326BLK-3,9700BLK-3,8239-3,8207-3,8235GY-3,8524RD,1218DG,8246GY,8216SD-3,8230BLK-3,8203GY-3,8413GY-3,9724BRW,8327BE-3,8300-3PW,8329CH-3,9769BR,8203RD-3,8246CR,9723,8245BR-3,9668BLK,8427-3,8244BU-3,8206NF-3,8201BRW-3,8405BJ-3,8223BK-3PW,8524BK,8480BRW-3,9700FCP,9700BRW-3,8234TT-3,9668BRW,19359-3,8327DBR,8329BRW-3,8200BRW-3,8200BRW-3PW,8327TL-3,8233TT-3,8370BRW-3,9636-3,8210GRY-3,8216DG-3,8334DBR-3,9734DB-3,8318-3PW
Recliners,8437-1LT,9769BR,8545-1LT
Chairs,1193F1S,8326BRW-3,8334BLK-3,8437-1LT,8469-3,1192RN,8235SS-3,8245GY-3,1270F2S,1191F4S,1255F1S,1212F1S,1200BRW,1212F2S,1277,8201BLK-3,1270F1S,1193F2S,8237PU-1PW,1234-1,8308-3PW,8480GRY-3,8213-1,8205BR-1,8548BLK-1,8206BRW-3,8215GY-1,1270F3S,8225-3,8224DG-3,8224TN-3,8204-3,8380-3,8244SD-3,8244RN-3,8223DB-3PW,8355-3PW,8289BU,8225NGY,8250RN,8289GY,8480RED-3,8329BLK-3,8327GY-3,8325BRW-3,8403-3,8325BLK-3,9734TP-3,9734BK-3,8250GY,9724BLK,8518,8413TL-3,8511BK,1234-1,9715PU,8579DB-3,9701BLK,8214BRW-1,1192BE,1192GY,1200BLK,1218TL,9636CC-3,1194CH,9734CH-3,1193F5S,1191F3S,1191F5S,8555WHT-1,8327TL-1S,8412-1,8548BRW-1,8555BLK-1,1212F1S,8327BLK-3,8219-3,1218F1S-3,1218RN,1266F1S,1192BL,1192BE,1191F4S,1191F6S,1297BU-1,8230BRW-3,1191F5S,1193F2S,1279F3S,8326BLK-3,9700BLK-3,1297GY-1,8404DB-1,1193F1S,8327GY-1S,1242-1,8327GY-1S,8239-3,8207-3,8205CH-1,1193F5S,8412-3,8235GY-3,1279F2S,8524RD,1218DG,1191F3S,1194TL,1267GY,1194IN,8246GY,1212F2S,8216SD-3,8230BLK-3,8203GY-3,8413GY-3,9724BRW,8327BE-3,8300-3PW,1266F1S,1194TP,1193F6S,8329CH-3,468F25S,8215BJ-1,1193F6S,1191F2S,1191F1S,1191F1S,9769BR,8203RD-3,8404TP-1,8246CR,1193F7S,9723,1193F3S,8245BR-3,9668BLK,1192GY,1192RN,1191F6S,8427-3,1192BL,8244BU-3,1193F7S,1191F2S,8206NF-3,8201BRW-3,8405BJ-3,8223BK-3PW,8524BK,8480BRW-3,9700FCP,9700BRW-3,9668BRW,19359-3,1255F1S,8545-1LT,1294GY-1,1292-1,8327DBR,8329BRW-3,1296F1S,1296F2S,8200BRW-3,8200BRW-3PW,8327TL-3,8370BRW-3,9636-3,8210GRY-3,8216DG-3,8334DBR-3,9734DB-3,8318-3PW
Wine Lovers,4520,4521,5604-36*,1916-84*
Entertainment Centers,50990-T,3224N-05,8077-T,35800-T,8059-T,8014,35810-T60
Lamps,H10128,H10125,H13475,H11765,H11297,H10130,H11296,H11303,H11760,H11762,H11761,H10081,H11759,H10076,H13441,H11302
Ottomans,4500-F3,469PU,471PU,4738PU,468CP,4501-F1,4500-F2,4501-F2,4614-F1,4502FA,5873N-ST,4506PU,4730NF,469PU,4732PU,459B-PU,4507-F1,5873N-BH,4507-F2,4692-13,4500-F1,4730PU,4605GY,458B-PU,4742PU,4605BK,4611PU,4614-F3,4727PU
Desks,3228-15,4519-15,2601-15,5415RF-15,5099-22,5099-15,4514-15
Bookshelves,3224N-16,3224N-17,3228-12,3224N-05,5415RF-15,5099-15
Accent Chairs,1193F1S,1212F1S,1212F2S,1234-1,1266F1S,1192BL,H11297,1192BE,1191F4S,1191F6S,1297BU-1,1191F5S,1193F2S,1297GY-1,1242-1,8327GY-1S,1193F5S,1191F3S,468F25S,1191F2S,1191F1S,1193F3S,1192GY,1192RN,1193F7S,1255F1S,1294GY-1,1292-1,1296F1S,1296F2S
Misc,2147-12,4728BK,2147SG-12,469PU,4728AK,4728ES,2147W-12,4508-PH,470PU,2147BK-12
Bunk Beds,B2053FFW-1,B2013FFDC-1,B1799-1F,B2013DC-1*,B2043SB-1,B2043FF-1,B2008TF-1,B2013SBDC-1,B2053SBW-1
Day Beds,4950,4966,4950GY,4949BK,4829LN,4966BR,4829DB,4829LN,4971,4976*,4966DG,4975*,4970,4969GY
Beds,1761T-1,815TN-1,1759T-1,1758-1,2051FBK-1,2048FW-1,2052FW-1,2047FBK-1,2021TW-1,2025T-1HB,2049F-1,2050F-1,5794TAK-1,815TPU-1,2026TPU-1HB,4977GY
Trundle Beds,4965W-NT,4964BK-NT,4960DB-NT,4962DB-NT,B2043PR-1,4967BK-NT,B2053PRW-1,4961DB-NT,4968BK-NT,B2013PRDC-1
Bedroom Sets,1356TBK-1,2147TBK,1955T-1,2039TW-1,2220T-1,1810T-1,2042T-1,1386D-1,1904T-1,2145T-1,1349T-1,1386T-1,1708TBK-1*,1936T-1,1708T-1,1904GY-1*,1856T-1,2147TSG,2147TW,1977T-1,2046T-1,2147T-1,B1799T-1,1386TPP-1
Mattresses,MT-G12,MT-G8,MGT-10
Motion
